[{"bookId": "1",
                "name": "Effective C++",
                "price": "51.30",
                "image": "https://img3.doubanio.com/view/subject/m/public/s27272780.jpg",
                "author":"梅耶" ,
                "description": "大师名著纵横二十载, 稳居任一荐书单三甲, 称职程序员傍身绝学, 通向C++精微奥妙之门。"
            }, 
            {"bookId": "2",
                "name": "C++",
                "price": "22",
                "image": "https://img3.doubanio.com/view/subject/m/public/s27272780.jpg",
                "author":"vahag" ,
                "description": "aa"
            }
 ]